{"mean": [0.058154985308647156, 0.03582280874252319, 0.026769312098622322], "std": [0.30520668625831604, 0.3083503842353821, 0.3102363348007202]}